﻿Name,Date,Files & media,Property,Social Media,Status
Add Instagram Post,,Relaunch%20of%20Amazon%20Music%20a6284c57bc124a2fa1327e19014abd0e/Content%20Planner%203c14a9df0add482d8851dea0d30a6ba0/Add%20Instagram%20Post%20033027e2669847088450794b7b37f4cf/Frame_4.png,,Instagram,Not Started
Add Facebook Post,,Relaunch%20of%20Amazon%20Music%20a6284c57bc124a2fa1327e19014abd0e/Content%20Planner%203c14a9df0add482d8851dea0d30a6ba0/Add%20Facebook%20Post%2038a2c63b55d14b27ab8c8a2eef5ebe47/Frame_3_(1).png,,Facebook,Not Started
Add YouTube Video,,Relaunch%20of%20Amazon%20Music%20a6284c57bc124a2fa1327e19014abd0e/Content%20Planner%203c14a9df0add482d8851dea0d30a6ba0/Add%20YouTube%20Video%20e02c475d9eb145ad91425e9579d10261/Frame_5.png,,Youtube,In Progress
,,,,,In Progress
Add Tweet,,Relaunch%20of%20Amazon%20Music%20a6284c57bc124a2fa1327e19014abd0e/Content%20Planner%203c14a9df0add482d8851dea0d30a6ba0/Add%20Tweet%204b73d0961b5d4fb3bb12d2c8513021cf/Frame_6.png,,Twitter,Completed