﻿Channels,Impact,Effort,Team Expertise,Do our ICP exists here?,Budget allocation,Your brand reach
Cold Outbounds,Low,Medium,Medium,No,50000,20k Email Subscribers
Linkedin Posts,High,High,High,Yes,100000,10k Followers
Facebook Ads,Medium,High,High,Yes,150000,25k Followers
Youtube Videos,High,High,Medium,Yes,56000,5k Subscribers
Instagram Ads,Medium,High,Medium,Yes,80000,8k Followers
Twitter,Medium,Medium,Medium,No,35000,15k Followers
Website traffic,Low,Low,Low,No,10000,10k Last 6 Months
Google Ads,Low,Low,Low,No,5000,
Joint Webinars,Low,Low,Low,No,5000,